hanja	hangul	gloss	note
禧松	희송	복(禧)을 누리는 소나무(松)	松은 자원오행 木. 禧는 '복 희'
和璇	화선	온화한(和) 아름다운 옥(璇)	璇은 '아름다운 옥 선'(교육용 아님)
叡和	예화	슬기롭고(叡) 온화함(和)	和는 교육용. 叡는 '밝을·슬기 예'
叡松	예송	슬기롭고 밝은(叡) 소나무(松)	松은 자원오행 木. 조선의 '예송(禮訟) 논쟁'과 소리가 같다
始香	시향	처음(始)의 향기(香)	향수를 시험 삼아 맡는 '시향(試香)'과 소리가 같다
沇虹	연홍	흐르는 물(沇)과 무지개(虹)	沇은 '물 졸졸 흐를 연'(오윤하 대안의 沇과 같은 글자, 여기서는 '연' 음)
靑美	청미	푸르고(靑) 아름다움(美)	두 글자 모두 교육용. 淸美(맑고 아름다움)로 쓰는 경우도 있으나 조건 검사는 靑美 기준
彦知	언지	훌륭한 사람(彦)의 지혜(知)	彦은 '선비 언'(彥의 이체자). 출생신고 때 자형 확인 필요
和沅	화원	어울리는(和) 강물(沅)	'화원(花園, 꽃밭)'과 소리가 같다. 沅은 강 이름(원강)
澐靜	운정	큰 물결(澐) 속의 고요함(靜)	靜은 교육용. 물결과 고요의 대비
